{
  "manifest": {
    "apis": {
      "custom": {
        "endpoint": {
          "uri": "arn:aws:lambda:us-east-1:846141100974:function:81fb76c1-bf8c-47c2-a22e-265ff6be32f0:Release_0"
        },
        "interfaces": [],
        "regions": {
          "NA": {
            "endpoint": {
              "uri": "arn:aws:lambda:us-east-1:846141100974:function:81fb76c1-bf8c-47c2-a22e-265ff6be32f0:Release_0"
            }
          },
          "EU": {
            "endpoint": {
              "uri": "arn:aws:lambda:eu-west-1:846141100974:function:81fb76c1-bf8c-47c2-a22e-265ff6be32f0:Release_0"
            }
          },
          "FE": {
            "endpoint": {
              "uri": "arn:aws:lambda:us-west-2:846141100974:function:81fb76c1-bf8c-47c2-a22e-265ff6be32f0:Release_0"
            }
          }
        }
      }
    },
    "manifestVersion": "1.0",
    "publishingInformation": {
      "category": "KNOWLEDGE_AND_TRIVIA",
      "distributionCountries": [],
      "isAvailableWorldwide": true,
      "locales": {
        "en-US": {
          "description": "Sample Full Description",
          "examplePhrases": [
            "Alexa open hello world",
            "hello",
            "help"
          ],
          "keywords": [],
          "name": "covid-info",
          "summary": "Sample Short Description"
        }
      },
      "testingInstructions": "Sample Testing Instructions."
    }
  }
}